Attrition_Yes_True,OverTime_Yes,JobLevel,TotalWorkingYears,Age,MaritalStatus_Single_True,YearsInCurrentRole,MonthlyIncome,JobRole_Sales Representative_True,YearsAtCompany,JobInvolvement,JobSatisfaction,EducationField_Technical Degree_True,JobRole_Laboratory Technician_True,EnvironmentSatisfaction,JobRole_Research Director_True,C0,C1
False,False,4,32,50,False,4,2.1438157401337627,False,5,3,4,False,False,4,True,20.339747077056735,4.194079220012337
False,False,2,7,36,False,2,-0.4025655489083922,False,3,3,2,False,False,2,False,-6.40020952296477,3.6852141356647454
True,False,1,1,21,True,0,-0.8649121916932175,True,1,3,2,False,False,2,False,-21.51533441999315,-1.7886402053855002
False,False,3,18,52,True,6,0.7224370690790876,False,8,3,2,False,False,2,False,13.832814551870685,5.859657062029536
True,True,3,15,33,False,6,1.3693544538774838,False,7,3,3,False,False,2,False,-1.339123630058601,-4.195263352636324
False,True,3,28,47,False,11,0.6995445739456213,False,22,2,2,False,False,3,False,21.81862515128299,-10.61038646333942
False,False,2,4,22,False,2,-0.4364954970526366,False,2,2,4,False,False,4,False,-18.200665163347065,-3.3590780535059186
False,True,2,7,33,False,5,-0.31528791121205246,False,6,3,4,False,False,3,False,-7.074939432687102,-1.2658854681365854
False,False,3,15,40,False,11,0.8062399530498118,False,12,2,4,False,False,3,False,5.706531919429806,-5.238160539981216
False,False,2,8,27,True,2,-0.37599390277133327,False,6,1,4,False,False,4,False,-11.013531579736545,-3.933869538549306
False,False,1,8,40,False,0,-0.9207126485810413,False,1,3,4,False,True,1,False,-4.048521722896854,7.995251155308305
False,False,3,23,55,False,2,0.8309720236850744,False,3,3,2,False,False,4,False,16.943177150584393,11.392081274348575
True,True,1,5,33,True,2,-0.9397215954329373,False,2,2,2,False,False,1,False,-10.141553833322787,3.0543689300714756
True,False,3,17,37,False,1,0.7559582226673772,False,14,2,3,False,False,1,False,4.000041353174338,-4.990751526745031
False,False,5,26,46,False,4,2.427927956522316,False,11,2,2,False,False,4,False,15.68235546834718,-0.8891346759889792
False,False,2,10,38,False,8,0.6159460872528744,False,9,3,2,False,False,3,False,-0.3089069436997113,-2.110053032146396
False,False,2,10,30,False,2,-0.46674629419328834,False,9,2,4,True,True,1,False,-6.77386524576712,-4.587179937678176
False,False,2,15,36,False,12,-0.3075208146489121,False,15,1,4,False,False,4,False,3.894652334437055,-9.938225024773336
False,False,5,21,40,True,8,2.641318714730697,False,21,3,2,False,False,2,False,12.061697841168362,-11.551776719679264
False,False,4,22,53,False,13,1.6232158731253852,False,17,3,3,False,False,3,False,21.014488912361045,-3.1802688808072204
False,False,2,10,32,False,5,-0.2944393888583601,False,9,3,2,False,False,4,False,-4.933680621288506,-4.519509837750211
False,True,2,4,55,False,2,-0.5877494827558952,False,3,3,3,False,False,4,False,4.668510762540685,15.722079548559789
False,False,2,11,30,True,4,-0.16750867923440932,False,5,1,4,False,False,3,False,-7.02980499893742,-2.9182843458897887
True,True,1,1,23,False,0,-1.0852524573528293,False,0,4,1,False,True,3,False,-20.465091155189292,0.09305929559245497
False,False,2,10,51,False,0,-0.15912839083733687,False,1,2,3,False,False,2,False,4.873644477560751,14.060763362414942
False,True,2,8,42,False,3,-0.17343620029575324,False,4,2,4,False,False,4,False,-1.1904244973144964,5.980715927584731
True,True,1,1,20,True,0,-1.206255645915436,False,1,3,3,False,False,4,False,-22.2200232165842,-2.378020959355139
False,True,1,6,29,False,4,-0.9693592007396569,False,5,1,4,False,False,2,False,-11.017256145457827,-2.3391077339279596
False,False,4,25,43,False,10,1.517746877689059,False,25,2,2,False,False,1,True,18.064823377792436,-14.02170077337183
False,True,2,16,40,False,1,-0.5086477361786506,False,1,2,4,False,False,3,False,1.3029803810903409,5.765612968055432
False,False,1,10,29,False,8,-0.7725246220474434,False,10,3,4,False,True,2,False,-6.321302632163077,-8.083415070614603
True,True,1,6,44,False,3,-0.9337940743715935,False,5,3,2,False,False,3,False,-0.9101410499096996,7.035295223126623
False,False,4,26,47,False,17,2.0968043661989664,False,20,3,3,False,False,1,True,21.03088505906221,-11.21529487751251
False,False,2,10,32,False,8,-0.32734735061271764,False,10,3,4,False,True,1,False,-4.167997663181405,-6.34499640606763
False,False,1,8,38,True,0,-0.8771760283718602,False,0,3,1,False,False,3,False,-5.7238101345135,7.484308286437049
False,True,2,12,58,False,3,-0.25560390604265854,False,5,1,3,False,False,4,False,12.604496652401451,13.989817424677815
False,True,3,10,45,False,1,0.5047539680331816,False,3,3,4,True,False,2,False,1.6418019298517152,8.693576099871017
False,False,4,30,56,False,7,0.8569304779882012,False,10,3,4,False,False,3,False,25.067463614701666,3.7981674864344583
False,False,2,6,37,False,3,0.5343915733399012,False,6,1,4,False,False,3,False,-5.230154820686463,2.076252064387092
False,False,3,9,39,True,7,0.19815805106711706,False,8,4,3,False,False,1,False,-0.6747205361615454,-0.2671457519822004
False,False,3,13,54,False,4,0.7716968130716352,False,9,2,3,False,False,3,False,12.015946794272658,8.259531826125643
False,False,1,10,32,True,7,-0.589793455535669,False,8,3,3,False,True,4,False,-5.03062426297551,-4.568246881635181
False,False,3,15,48,False,0,1.1432910644345056,False,0,3,3,False,False,1,False,5.859019483804117,11.735615831261889
False,True,2,6,33,False,5,-0.2907602378547673,False,6,4,2,False,False,3,False,-7.7123241034438506,-1.0266206260757862
True,True,2,12,31,False,7,-0.15095249971824182,False,7,1,3,False,False,2,False,-4.631916318813868,-5.023822255329205
False,False,3,24,46,False,13,0.7240722473029065,False,24,3,1,False,False,2,False,19.505605631209633,-12.400430923466104
False,False,2,10,38,False,2,-0.23823013741458154,False,2,3,4,False,False,4,False,-3.4162382870693317,4.864571920394884
False,False,2,16,38,False,13,-0.5049685851750577,False,15,3,2,False,False,4,False,6.041274407078526,-9.319779731758187
False,True,2,10,43,False,9,0.19141294089386363,False,10,3,4,False,False,4,False,3.541353556014936,-0.16422529043909065
False,True,1,4,37,False,2,-0.9370644308192314,False,4,3,4,False,False,2,False,-7.429011389143224,4.331818406150968
False,False,2,11,30,False,10,-0.5638350012325422,False,11,2,4,False,False,3,False,-4.299263708144857,-9.191001609062651
False,True,4,21,39,False,9,2.0874020914120073,False,19,2,2,False,False,3,False,10.817989771731016,-11.149585789631226
False,False,5,21,43,False,12,2.551179515142674,False,16,2,3,False,False,1,False,13.209858220350057,-7.967403638604726
False,False,2,9,27,True,6,-0.020342639090698313,False,7,2,1,False,False,4,False,-9.436141328927219,-6.3414644553532025
False,False,2,10,42,True,4,-0.13623589570387074,False,5,2,3,False,False,3,False,0.5436140733308088,4.4909188985700705
False,False,1,4,31,False,2,-0.5994001276006057,False,2,4,3,False,True,1,False,-12.12478588584781,2.0787788234587614
True,True,1,8,39,False,2,-0.9211214431369961,False,2,3,1,False,True,4,False,-4.131420444478803,5.989663110892473
False,False,4,9,29,False,7,1.8832092107126082,False,7,2,4,False,False,4,True,-7.6384682947224185,-5.691308245416797
False,True,5,22,49,True,2,2.4025826940531214,False,3,3,1,False,False,3,True,12.44296505371368,7.898260860970449
False,False,1,20,38,True,0,-0.8283250789352672,True,1,2,1,False,False,1,False,2.2333106307434223,4.1216036527326585
False,False,4,16,42,True,0,1.8562287700195943,False,1,3,4,False,False,1,True,2.8154608180135074,7.187784424933147
False,False,3,9,34,False,7,0.3510472149941946,False,8,3,3,False,False,4,False,-4.087898953381227,-3.2625482079241115
False,True,2,17,36,False,8,-0.066332026635608,False,16,3,4,False,False,3,False,4.874662470114029,-9.525638384415492
False,False,2,5,27,False,2,-0.5249995184168407,False,4,3,4,False,False,3,False,-13.536504003094025,-1.9195971330709016
False,False,3,20,40,False,0,0.8219785434540698,False,1,1,1,False,False,3,False,3.8520678221854685,5.182678015767608
False,True,3,10,34,False,9,0.035253420519148065,False,10,2,3,True,False,4,False,-2.5564040161303185,-5.582060526595795
False,False,3,10,43,False,0,0.6284143212094944,False,1,3,1,False,False,3,False,-0.4831658325642345,9.231420832165908
False,False,3,13,31,False,7,0.7935673218152145,False,13,3,4,False,False,1,False,-2.0330463126005567,-9.310111641591542
False,False,1,12,41,False,3,-0.8438592720615478,False,5,3,4,False,False,4,False,0.8699241584774233,3.888774413291903
False,False,2,10,31,False,8,-0.38989291767379486,False,10,1,1,False,False,4,False,-4.859042468364029,-6.9314261767360605
False,False,2,12,45,True,2,-0.30895159559475377,False,4,3,3,False,False,2,False,3.2510137530902283,7.27587487106332
False,False,2,9,33,True,7,-0.45550444390453265,False,7,2,4,False,False,2,False,-5.197473973250367,-3.14253071198501
False,False,2,17,36,False,2,-0.8869870977147742,False,5,4,4,False,True,3,False,0.5480460374243501,0.13172143494276015
False,False,1,14,33,False,11,-0.9979748196564896,False,14,4,2,False,True,2,False,0.6297836825471539,-10.373356264109322
False,False,1,5,31,False,2,-0.8174920232024663,False,5,3,3,False,False,1,False,-10.581131825910356,-0.14542780297942073
True,False,1,1,19,True,0,-0.9372688280972088,True,0,1,1,True,False,3,False,-23.197136905681045,-2.3218628244714385
False,False,1,5,32,False,1,-0.8414065047258192,False,5,4,2,False,True,2,False,-10.06164382771622,0.8522750518641764
False,False,2,18,36,True,9,0.17751392599140203,False,11,3,4,False,False,1,False,4.160455370054095,-6.809296743775193
False,False,2,19,37,False,0,-0.5803911807487097,False,10,3,2,False,False,3,False,3.745288120788807,-2.2932887473871606
True,True,1,1,29,False,0,-0.9384952117650731,False,1,2,1,False,True,2,False,-16.045188863184308,2.996668670440096
False,False,1,11,29,False,5,-0.8986377425594847,False,7,3,4,False,False,3,False,-7.06191618371663,-5.159961978210602
False,False,5,21,41,False,16,2.6699343336475296,False,21,1,3,False,False,2,True,13.992194507638494,-14.033990480926793
False,True,2,12,30,False,9,-0.11518297607220096,False,11,3,4,False,False,3,False,-3.7893976123275728,-9.043901007876668
False,False,3,9,39,True,3,1.339512451292787,False,4,3,3,False,False,3,True,-2.433864892097105,3.881809023733151
True,True,1,1,22,False,0,-0.9223478268048604,False,1,3,1,False,True,3,False,-20.835079436567984,-1.1818432785515454
False,False,2,6,31,False,4,-0.5243863265829085,False,5,1,3,False,False,3,False,-9.551518884221874,-1.1867126262026946
False,False,4,26,45,False,3,2.1951194569060846,False,9,3,4,False,False,4,False,14.151830107982555,0.26754304909043164
False,False,2,19,42,False,4,-0.4812585009296821,False,5,3,3,False,False,1,False,6.270839659464098,2.4861917816839645
False,False,3,10,31,False,9,0.41543235755706814,False,10,2,3,False,False,3,False,-4.580220656669455,-7.386386593767028
False,False,2,13,51,False,1,-0.29198662152263155,False,4,1,2,False,False,4,False,7.839856123816053,11.018450106667501
False,False,2,14,34,True,9,-0.32039784316148684,False,13,2,1,False,False,4,False,0.8104353835287973,-8.407490707299232
False,False,4,10,33,True,8,2.153013617642745,False,10,3,3,False,False,4,False,-3.1945190102053123,-5.893988879851888
False,False,2,15,40,False,8,-0.25212915231704314,False,11,3,2,False,False,2,False,4.805026536472709,-3.339084209721641
False,True,3,10,33,False,8,0.30035669005580523,False,9,4,3,False,False,4,False,-3.6808030270284475,-5.126879041929216
False,False,2,6,34,False,5,-0.2445664530318802,False,6,3,3,False,False,2,False,-7.020784317437791,-0.44197669896026404
False,False,1,10,34,False,9,-0.862459424357489,False,10,3,4,False,False,2,False,-2.7457294792321214,-5.47622452307717
False,True,3,9,30,False,7,0.92090682599512,False,8,4,1,False,False,2,True,-6.779592993013082,-5.668714409189189
False,True,2,9,45,False,8,-0.6699171885028005,False,9,3,1,False,True,4,False,3.751726529586277,2.3523173045328267
False,False,3,9,37,False,5,0.39315305425753416,False,9,3,2,False,False,1,False,-2.030320130347965,-1.374364333241255
False,False,2,13,31,False,7,0.13009375750065072,False,7,3,4,False,False,4,False,-3.9782483930978554,-5.245258008541036
False,False,1,8,32,True,7,-0.7854016505600182,False,7,3,4,False,True,4,False,-6.621553890355987,-3.453503852190891
True,True,1,7,30,False,2,-0.9767175027468424,False,5,3,3,False,False,1,False,-10.001655178871625,-1.1871725291901265
False,False,2,10,33,False,3,-0.31365273298823343,False,5,4,1,False,False,3,False,-5.77430892415846,-0.48396449657808843
False,True,3,10,38,True,0,0.1942745027855469,False,1,3,3,False,False,3,False,-3.9359394515860884,6.246065490447394
False,False,2,17,41,False,0,-0.7845840614481087,False,1,3,1,False,False,3,False,2.4536477117311866,6.5541487431944985
True,False,3,18,51,True,2,0.7643385110644497,False,4,1,4,False,False,1,False,11.321405504050432,9.428586391817458
False,False,2,13,38,False,3,-0.12724241547286616,False,4,2,1,False,False,1,False,-0.7297638784045355,2.4789517723680214
False,False,2,9,27,False,8,-0.6889261353546965,True,9,2,3,False,False,2,False,-8.555723359342968,-8.433318955246165
False,False,4,33,53,True,9,1.505278643732439,False,12,3,4,False,False,4,True,25.885481855198897,-0.7849462479263496
False,False,2,4,30,False,1,-0.32898252883653667,False,2,3,3,False,False,4,False,-12.875327940203029,1.8138496656897467
True,False,1,1,30,True,0,-1.191539041901065,True,1,3,4,False,False,2,False,-15.37670167449217,3.592951841320898
False,False,1,7,30,False,2,-0.6290377329073252,False,2,1,3,False,True,4,False,-10.905442655491079,0.8018853246099586
False,True,5,32,58,False,8,2.6143382740376833,False,9,3,1,False,False,4,True,27.741951007547033,4.746524685684509
False,False,2,16,34,False,1,0.5752710289353765,False,15,4,4,False,False,2,False,1.5311638639190372,-7.175162067926219
False,False,2,18,51,False,7,-0.40358753529827907,False,7,3,4,False,False,3,False,12.861919314070544,5.610487177252363
False,True,4,21,39,False,9,2.0761602411232514,False,21,3,1,False,False,3,False,11.425597928399242,-12.470783071450871
False,False,3,10,36,True,3,0.6273923348196074,False,10,3,4,False,False,2,False,-2.0714889003206496,-2.112163477281396
False,True,2,13,32,False,12,-0.34390353012888514,False,13,2,2,True,False,3,False,-0.7301200605020912,-10.539796629449334
False,False,1,18,56,False,4,-0.8111557075851675,False,5,3,3,False,False,1,False,15.119528236123418,11.130746012294809
False,False,2,13,57,False,9,-0.4109458373054646,False,12,4,3,False,False,2,False,15.609597255557965,6.230977105521934
False,False,4,32,57,False,0,1.473188271089991,False,1,2,4,False,False,1,False,23.252355503712188,12.58697906955613
False,True,1,5,40,True,2,-0.9337940743715935,False,4,2,4,False,False,4,False,-4.748613549371228,5.904041244059927
True,False,1,1,23,False,0,-1.0466213718151052,True,1,3,1,False,False,4,False,-20.158449265001515,-0.578818386044085
False,False,3,11,53,False,3,0.019310432836912708,False,4,4,4,False,False,2,False,8.337929491762672,11.84964272910604
False,False,1,4,38,True,3,-0.9137631411298105,False,4,2,2,False,True,4,False,-6.605700795565918,4.565507270918979
False,False,1,8,36,False,2,-0.9744691326890913,False,5,3,2,False,False,3,False,-5.262504557322085,2.188741220305657
False,False,3,11,29,False,10,0.20592514763025735,False,11,3,4,False,False,2,False,-4.862199144430637,-9.849882152295821
False,False,3,20,38,False,16,1.2867779535746238,False,18,1,3,False,False,2,True,10.16127336725372,-13.483180547224721
False,False,3,25,47,True,14,0.3520692013840815,False,17,3,3,False,False,1,False,18.82627254371899,-7.743310443546015
True,False,2,10,32,False,4,-0.41442059103108,False,10,3,3,False,True,4,False,-4.796347737053408,-4.8015702559827735
False,False,2,6,36,True,5,-0.08411458981963975,False,6,2,2,False,False,2,False,-5.648765624144699,0.7513689388907993
True,False,2,20,49,True,3,-0.5368545605395285,False,4,2,1,False,True,1,False,11.22222112442448,7.510094328479162
False,False,1,6,34,True,5,-0.5170280245757229,False,6,2,1,False,False,3,False,-7.117959563529756,-0.38400315764704257
False,False,2,9,39,True,7,-0.48575524104518436,False,8,3,3,False,False,1,False,-0.7883907361902219,-0.2115577727563706
False,False,3,12,30,True,8,0.31957003418567864,False,11,2,3,False,False,3,False,-3.8495545332550014,-8.710439473170421
False,False,3,14,51,False,2,0.7533010580536713,False,4,3,2,False,False,2,False,8.772066058193627,10.34558993038158
False,False,2,10,60,True,2,-0.3077252119268895,False,2,3,1,False,False,1,False,11.629732855140166,18.033816611644717
True,False,2,12,50,False,3,-0.03730761316282055,False,6,3,3,False,False,2,False,7.456160557967364,8.53984982844074
False,False,1,8,45,False,4,-0.9767175027468424,False,5,3,4,True,False,4,False,1.200547278268358,6.7950901126612
False,False,3,37,56,True,4,0.0714317387211437,False,6,1,4,False,False,4,False,27.72413497337946,6.1009213826627375
False,False,3,12,46,False,8,0.3408273510953258,False,9,3,4,False,False,4,False,6.493012933489318,2.1885283320904043
False,False,1,7,42,False,3,-0.8471296285091858,False,5,3,2,False,True,2,False,-1.6379422699316388,5.6154689710605155
False,False,3,19,60,False,0,0.8119630768331784,False,1,1,4,False,False,3,False,16.898840576583705,17.349743706982625
True,False,3,34,53,False,7,0.6660234203573316,False,33,2,4,True,False,3,False,32.48229408368695,-14.177241869695468
False,False,2,10,39,False,0,-0.35964212053314315,False,10,3,1,False,False,1,False,-0.6077990189050246,0.9098310508397552
False,False,5,29,48,False,10,2.606979972030498,False,22,2,2,False,False,4,True,23.254473794708893,-9.995284720368433
False,False,2,7,37,False,4,-0.08350139798570762,False,5,3,4,False,False,3,False,-4.780552559141074,2.1679196510177374
False,True,2,12,41,False,2,-0.2950525806922922,False,6,3,4,False,False,4,False,1.123666467894724,3.546533598229989
False,False,1,3,21,True,2,-0.8790156038736565,True,3,3,4,False,False,1,False,-19.320615152400478,-4.345367312998116
False,False,2,8,32,False,2,-0.5125312844602207,False,5,3,4,False,False,2,False,-7.895547246496834,-0.27015335428721554
True,True,1,7,37,True,0,-0.9853021884218923,False,0,2,3,False,True,4,False,-7.0616115887686925,7.102101258147561
False,False,3,24,45,False,9,-0.3475826811324779,False,24,3,1,False,True,1,False,18.135590876433742,-11.43400478341802
False,True,3,16,41,True,0,1.3654709055959136,False,1,3,4,False,False,4,False,2.012963546281961,6.6555156939546505
False,True,2,18,42,False,0,-0.9276621560322721,False,1,4,2,False,False,2,False,3.768065390640355,6.928962166861098
False,False,2,10,42,False,7,-0.01748107719901504,False,9,3,2,False,False,3,False,2.2347143746805376,0.6847256453429064
False,False,1,1,24,False,0,-0.9969528332666028,True,1,3,2,False,False,4,False,-19.470474860838188,0.012023467557272202
True,True,2,6,33,True,2,0.26847071469133454,False,5,3,1,False,False,1,False,-8.445534590450086,0.7645295683228264
False,False,2,12,43,False,2,-0.27563483928444144,False,5,3,4,False,False,4,False,2.190568792595096,5.4095290003616405
False,False,1,3,38,False,1,-0.8638902053033307,False,2,3,3,False,False,3,False,-8.141842695053327,6.874897956404559
False,True,2,14,33,True,0,-0.10680268767512853,False,0,3,3,False,False,4,False,-5.20251171861174,3.0780300638987663
False,True,3,35,53,False,2,0.8223873380100246,False,5,2,4,False,False,1,False,23.840859518975506,6.153507178182548
False,False,3,18,43,False,7,0.7990860483206037,False,8,3,1,False,False,3,False,7.836259256101152,0.09885933187695721
False,True,1,10,42,False,6,-0.882490357599272,False,9,2,1,False,True,4,False,1.9445877441594188,1.1384137057445138
True,True,1,7,29,False,7,-0.9793746673605483,False,7,1,1,False,True,2,False,-9.31874499609237,-5.02047729425173
False,False,2,11,29,False,7,-0.5264302993626823,False,8,3,3,False,False,2,False,-6.3541486377329734,-6.63756215904666
False,False,1,8,37,False,0,-0.7948039253469775,False,1,3,2,False,False,2,False,-6.090385830877159,6.20687506753783
False,True,5,28,50,False,3,2.301814836010275,False,8,3,2,False,False,1,True,18.632831183160437,3.4310275334790346
False,False,2,4,29,False,3,-0.46224955407778606,False,4,3,3,False,False,4,False,-12.651139696872294,-0.8759082870268058
False,True,3,15,33,True,14,1.3382860676249226,False,15,3,4,False,False,1,True,2.331397252339421,-12.58967790784922
False,False,4,31,55,True,7,2.01238829039431,False,9,2,1,False,False,3,False,24.7800837691627,3.618015776786311
False,False,3,16,51,False,9,1.1404295025428222,False,10,2,2,False,False,2,True,12.982720773693414,3.2041100373566556
False,False,1,10,30,False,7,-0.8784024120397245,False,10,1,3,False,False,1,False,-5.790116544276164,-7.11143631282646
False,False,5,23,49,False,0,2.411984968840081,False,1,2,3,False,False,1,False,12.168937203241262,9.753292304402365
False,True,2,20,47,False,10,-0.37681149188324276,False,19,4,3,False,False,3,False,15.514328771720129,-6.3605758590210515
False,False,1,1,31,True,1,-0.9012949071731906,False,1,3,2,False,False,3,False,-14.518587965890744,3.8121487470510664
False,False,1,7,47,True,2,-0.9822362292522316,False,2,3,3,False,True,2,False,0.7030513451176712,10.987385983616491
False,False,1,2,58,False,2,-0.9276621560322721,False,2,3,3,False,False,1,False,5.0576274502726255,18.6733315854891
True,False,5,23,41,False,15,2.582452298673213,False,22,3,3,True,False,2,True,15.412077944842839,-14.755409863351456
False,False,1,5,29,True,4,-0.6388488022502393,False,5,2,1,False,False,4,False,-11.644272458777934,-2.095464783776607
False,True,1,20,50,False,8,-0.7541288670294796,False,20,4,3,False,True,4,False,17.46008684986546,-4.412068320704267
False,False,1,6,32,True,2,-0.8326174217727921,False,6,2,2,False,True,3,False,-8.973092697055469,-0.4255138099876582
False,True,5,23,44,False,7,2.481071248796434,False,22,3,4,False,False,2,True,16.227276166162202,-9.906714280466087
False,False,1,7,38,False,6,-0.8311866408269505,False,7,4,3,False,False,3,False,-3.297681933411466,0.7435468993144376
False,False,1,1,45,True,0,-0.947693089274055,False,1,2,3,False,False,2,False,-5.094717533780238,12.553879692439189
False,False,3,28,46,False,2,0.7391976458732323,False,2,3,3,False,False,1,False,13.67155199517695,5.547799588965555
False,True,1,6,34,False,0,-0.8131996803649414,False,5,4,4,False,False,4,False,-8.206057806834774,2.1941652533452167
False,True,2,17,55,False,7,-0.10741587950906066,False,8,3,2,False,False,3,False,15.280086716836143,7.559595185603597
False,True,1,1,19,True,0,-0.800527049130344,False,1,4,4,False,False,2,False,-22.873606514078404,-2.9945354035061453
False,True,2,9,32,False,8,-0.1529964724980156,False,9,3,4,False,False,1,False,-5.094534511671345,-5.466042462296926
False,False,2,11,40,False,7,-0.6000133194345377,False,8,3,3,False,True,3,False,1.157981008423717,-0.05123711114605786
False,True,2,11,30,False,8,-0.3477870784104553,False,11,2,2,False,False,3,False,-4.597083970423876,-8.424885590513382
False,False,1,13,48,False,0,-0.9507590484437156,False,0,3,3,False,False,4,False,4.3055289178307286,12.336514609069424
False,False,4,22,45,False,8,2.0197465924014955,False,20,2,4,False,False,1,False,15.71463930743271,-8.082001730969711
False,False,1,10,29,False,7,-0.8565319032961451,False,10,1,4,False,False,2,False,-6.474360874089179,-7.713136661825186
False,True,2,19,46,False,13,-0.46919906152901686,False,16,2,1,False,False,4,False,13.730931154942025,-5.876078141383923
False,False,2,8,41,True,2,-0.38989291767379486,False,2,3,3,False,False,4,False,-2.654290069811236,7.119117378956139
True,True,1,4,41,True,3,-0.7706850465456471,True,4,3,2,False,False,2,False,-4.540987062832091,6.350514225096311
False,True,4,24,52,False,3,1.2951582419716963,False,5,4,3,False,False,4,False,16.390140360755577,7.604806870590497
False,False,3,23,51,True,12,0.117216728988076,False,13,2,1,False,False,1,False,18.745902195637875,-1.4618768256341244
False,True,1,7,36,True,2,-0.8720660964224257,True,3,3,4,False,False,3,False,-6.513968085058076,3.7323138807255365
True,True,2,17,38,False,0,-0.04854946345157626,False,1,3,1,False,False,2,False,0.4470164835256731,4.731866625726185
False,False,2,10,31,True,2,-0.322646213219238,False,5,3,1,False,False,4,False,-7.304601920640231,-1.2979839660179022
False,True,2,9,44,False,3,-0.2977097453059981,False,4,3,1,False,False,2,False,0.8102400358967534,6.973832289543508
False,False,2,10,30,False,7,-0.3283693370026045,False,8,3,4,False,False,3,False,-6.296893670217232,-5.825386352204595
True,True,1,3,31,True,2,-0.9419699654906885,True,3,3,2,False,False,4,False,-12.493256365443079,1.6533172442951394
True,True,1,8,27,True,2,-0.9231654159167698,False,8,3,3,False,False,4,False,-10.51172488371779,-5.195208649028451
False,False,2,5,24,False,2,-0.5178456136876325,False,4,2,3,False,False,4,False,-15.591771463810439,-3.711123775250635
False,False,1,5,50,False,2,-0.65826654365809,False,3,2,3,False,True,3,False,1.8071026747592212,12.546475170315171
False,False,2,17,39,False,11,-0.20613976477213344,False,15,2,3,False,False,4,False,7.074198248256605,-8.202494083515745
False,True,2,10,30,True,4,-0.45284727929082674,False,8,3,3,False,False,3,False,-6.773866919997576,-4.6689841982173865
False,True,2,10,30,False,8,-0.3647520524825775,False,10,2,4,False,True,4,False,-5.547405232007089,-7.5391066356575145
False,False,5,30,59,False,2,2.439169806811072,False,3,2,4,False,False,3,False,24.388194317370097,12.068945207952105
False,False,3,10,36,False,7,0.9816128175544008,False,8,4,1,False,False,1,True,-2.0293487263437053,-2.3076525531841923
True,True,1,3,29,True,0,-0.9211214431369961,False,0,2,1,False,False,4,False,-15.076227743438917,3.218537667732567
True,False,1,1,30,False,0,-0.9969528332666028,True,1,2,1,False,False,2,False,-15.362264865212252,3.5950351657113755
False,False,5,21,50,True,4,2.6603276615825933,False,5,3,2,False,False,3,False,13.416160259157708,6.616527050338812
False,False,1,17,37,False,1,-0.6112551697232935,False,3,2,1,False,False,3,False,0.41894126301802,2.475150382574375
False,False,3,19,38,False,8,1.0527430702905278,False,10,2,2,False,False,1,True,5.844822646154314,-4.858492101447608
False,False,2,16,41,True,3,-0.139097457595554,False,14,3,4,False,False,4,False,6.269588516751054,-3.0611199532002233
False,False,1,1,29,False,0,-0.9814186401403221,False,1,2,1,True,False,4,False,-16.04498721183482,2.9976552143747153
False,False,2,12,45,False,9,-0.6568357627122484,False,10,3,4,False,False,4,False,6.134428554515174,0.6137795623411666
False,False,2,6,29,False,3,-0.3142659248221656,False,5,3,1,False,False,1,False,-11.057212798528811,-1.9910226430308773
False,False,4,23,42,False,6,2.198185416075745,False,22,3,1,False,False,4,False,14.603149034127197,-10.644959582818668
False,False,5,25,48,True,0,2.320823782862171,False,1,2,4,False,False,4,True,12.751782927873226,8.710075390100405
True,True,1,1,20,True,0,-0.8144260640328056,False,1,2,4,False,True,4,False,-22.20195623308187,-2.3980913935353114
False,False,3,13,31,False,8,0.763929716508495,False,13,3,2,False,False,3,False,-1.8870321889368131,-9.675116067641257
False,False,2,10,41,False,2,-0.09821800200007871,False,3,1,2,False,False,3,False,-1.050711900472684,5.98545887470393
True,True,1,4,29,False,2,-0.935224855317435,False,2,2,1,False,False,1,False,-13.511150365769396,0.8890172546761491
False,False,2,9,42,True,4,-0.3588245314212336,False,6,3,1,False,False,2,False,0.1976303779702042,4.069699963018546
False,False,2,8,36,False,3,-0.05284180628910116,False,6,2,4,False,False,2,False,-4.672699314770722,1.0530545235325934
True,False,2,10,32,True,0,-0.03587683221697892,False,0,1,2,False,False,1,False,-8.425603354930539,3.361681887097348
False,False,2,10,36,False,2,-0.31958025404957735,False,3,3,3,False,False,1,False,-4.479192883268843,3.0031820363089707
False,False,1,8,42,False,2,-0.8859651113248873,False,5,3,1,False,True,2,False,-1.1573595133977297,5.7803709530479175
False,True,4,22,43,False,13,1.8709453740339654,False,17,3,4,False,False,4,False,14.185126487128825,-9.172689901054415
False,False,2,17,36,True,7,-0.4922959539404604,True,13,3,4,False,False,3,False,3.7720996795420363,-7.126258097517507
False,False,2,11,36,False,8,-0.2527423441509753,False,9,3,2,False,True,2,False,-1.097424544043795,-3.4997232586686144
False,False,3,10,36,False,7,0.5779281935490824,False,9,3,4,True,False,2,False,-1.7594532682722803,-2.977690887906362
False,False,2,19,38,False,11,-0.4446713881717317,False,13,3,4,False,False,4,False,7.042898028263415,-7.907861394969903
False,True,1,6,33,True,2,-0.8403845183359324,False,3,2,1,False,False,3,False,-9.198660905428088,2.1715449503833195
False,False,2,9,45,False,2,-0.09740041288816921,False,3,4,3,False,False,1,False,1.0543696079892064,8.606665229474713
False,False,2,9,27,True,7,-0.08391019254166238,False,8,4,3,False,False,1,False,-8.972941717722772,-7.395180326240187
True,True,2,16,34,True,9,-0.47246941797665487,False,15,2,2,False,False,1,False,2.6907676381970167,-10.196807656071368
False,False,1,6,29,False,4,-0.8600066570217605,False,5,3,2,False,False,3,False,-11.011898906817201,-2.3171093979540958
False,False,2,12,32,True,8,-0.3884621367279532,False,11,3,3,False,False,2,False,-2.593625979854054,-7.44991203411511
False,False,4,24,44,False,6,1.924906255419993,False,20,3,1,False,False,4,True,15.991756249993434,-8.336592744150476
False,False,4,22,40,True,6,1.2931142691919224,False,20,3,3,False,False,2,False,11.93363956712875,-10.268085114504867
False,False,4,37,55,True,9,2.0285356753545227,False,10,3,2,False,False,1,False,29.22453494303126,0.8397290599427057
False,False,5,21,41,False,16,2.5566982416480633,False,18,3,3,False,False,1,True,13.074847225387412,-12.023452352100847
True,False,2,7,43,True,3,-0.31978465132755474,False,4,1,3,False,False,1,False,-1.1505344091210614,6.804102659619131
False,False,2,8,38,True,2,-0.5544327264455828,False,3,3,2,False,False,2,False,-4.408743428127431,4.664991252155939
True,False,1,2,29,True,2,-0.84835601217705,True,2,1,2,False,False,2,False,-14.792051339312007,1.3301148905895166
False,True,3,17,45,False,0,1.2947494474157415,False,0,3,1,False,False,4,True,5.089452072919015,9.500785448239204
False,False,2,5,34,False,2,-0.528474272142456,False,5,3,2,False,False,1,False,-8.440468044297202,1.6061256824046213
False,False,1,4,38,False,2,-0.8790156038736565,False,4,4,3,False,False,4,False,-6.7444304481781865,4.94514360215852
False,False,3,24,55,False,0,0.680331229815748,False,1,3,4,False,False,1,False,16.663253946210546,13.251105710693631
False,False,3,18,40,False,15,0.7203930962993137,False,18,2,3,False,False,1,False,10.059684493445046,-11.430908468874101
False,False,1,2,20,True,2,-0.8548967250723262,True,2,3,1,False,False,4,False,-20.954334659347204,-4.0302875909259
True,False,1,8,33,False,3,-0.7159065760477101,False,4,1,4,False,True,1,False,-7.450612343405157,0.6476890608547633
False,True,1,8,31,False,4,-0.9309325124799102,False,6,3,4,False,False,4,False,-8.070861855960928,-2.2425523173682955
False,False,3,14,40,False,10,0.6972962038878702,False,11,3,4,True,False,1,False,4.60760132607938,-3.965448906103516
False,False,4,32,50,False,2,2.237225296169424,False,2,3,1,False,False,4,False,19.113891888631912,6.975077479577944
False,False,1,6,27,True,2,-0.8851475222129779,False,4,3,4,False,False,4,False,-12.999607460694582,-2.088118641205812
False,True,3,15,36,False,8,0.28829725065514006,False,12,3,1,False,False,4,False,2.470335784098441,-6.444397980977243
False,False,4,35,53,True,8,1.9800935204738845,False,9,4,2,False,False,4,True,26.121678451117376,1.1485674419905898
False,False,2,10,42,False,0,-0.2805403739558985,False,0,4,1,False,False,2,False,-1.5964185986028279,9.370890775942321
False,False,2,17,37,False,0,-0.3571893531974146,False,1,2,4,False,False,3,False,-0.25449890557266336,4.126317927523721
False,False,4,22,43,False,1,2.0947603934191927,False,4,3,1,False,False,2,True,8.407622546214354,4.071060614660448
False,False,1,1,23,False,0,-1.1625146284282777,False,1,3,3,False,False,4,False,-20.158022458143407,-0.5866344202722023
False,False,1,12,52,False,4,-0.8095205293613486,False,5,3,1,False,True,3,False,8.5447163820969,10.10110966291359
False,False,1,3,29,False,2,-0.6439587341996736,False,3,3,4,False,False,1,False,-13.821972268889283,0.42733717702091645
False,True,5,29,50,False,3,2.4179124899014246,False,27,2,3,False,False,2,True,25.059372522612676,-9.46265022653416
False,False,2,20,42,False,16,-0.409515056359623,False,20,3,3,False,False,2,False,13.323056202670726,-12.313291463606044
False,False,2,6,34,False,3,-0.5123268871822433,False,4,4,3,False,True,2,False,-7.960107118564871,1.6721737625897648
False,False,1,6,32,False,3,-0.6090067996655423,True,4,3,2,False,False,3,False,-9.408306313386715,0.5172772870222856
False,False,2,6,56,False,0,-0.31283514387632394,False,0,2,1,False,False,4,False,5.4238995908310015,18.632920355124917
False,False,1,5,27,False,2,-0.6325124866329406,False,5,3,2,False,True,4,False,-13.320330108617474,-2.526789378075778
False,False,1,7,40,False,3,-0.7222428916650089,False,4,3,1,False,True,3,False,-3.305924102729973,5.089545065184324
True,False,3,17,37,False,0,0.641291349722069,False,1,3,3,False,False,1,False,-0.11774460282672192,4.060833580927728
False,False,1,1,33,False,1,-1.0020627652160372,False,1,2,3,False,True,2,False,-13.15530715328693,4.999287719404476
False,False,2,17,36,False,7,-0.3420639546270888,False,7,3,3,False,False,3,False,1.9652925738730747,-3.1318506118859455
False,False,1,8,39,False,3,-0.6449807205895606,False,8,3,3,False,True,3,False,-2.128529573903586,1.5894934755696328
False,False,2,12,36,False,7,-0.37435872454751423,False,7,3,4,True,False,1,False,-1.220670688790699,-2.025505709682378
False,False,2,10,36,False,7,-0.34390353012888514,False,9,3,2,False,False,3,False,-1.890209497188576,-2.8922795405124275
False,True,2,18,37,True,0,-0.5546371237235602,False,1,3,2,False,False,3,False,0.3627893613078636,3.926465642227832
False,True,5,31,51,False,10,2.6441802766223805,False,29,3,2,False,False,4,False,28.705304409664297,-13.304439930900005
False,False,4,27,49,False,2,1.9422800240480698,False,4,3,2,False,False,1,True,15.848060814862118,6.155199103978587
True,True,1,6,43,False,0,-0.9143763329637427,False,1,2,3,True,False,3,False,-3.272872312945739,10.233203308998906
False,False,2,4,33,False,2,-0.5331754095359357,False,3,3,2,False,False,4,False,-10.378022060117052,2.5719080791236597
False,False,3,13,46,False,7,0.804195980270038,False,8,3,3,False,False,4,False,6.7001544863316305,3.002983553273858
True,False,1,5,56,True,2,-0.8837167412671362,False,4,3,4,False,True,1,False,6.202879576124808,15.473051916609396
False,False,2,9,32,False,7,-0.45836600579621595,False,8,1,4,False,False,4,False,-5.577083663431488,-4.40956313639209
True,False,2,10,30,False,8,0.5730226588776254,False,10,2,1,False,False,2,False,-5.479061987828619,-7.560922235362349
False,False,2,4,27,False,2,-0.548505205384239,False,3,3,4,False,False,1,False,-14.475501944729139,-1.0338034800836025
False,False,3,18,42,False,7,1.3158023670474113,False,13,3,1,False,False,3,True,8.714292857490705,-3.852457863205018
True,True,1,1,20,True,0,-0.8810595766534303,False,1,2,1,False,False,4,False,-22.201827343958133,-2.383170614948254
False,False,1,4,50,False,2,-0.6204530472322755,True,2,3,2,False,False,4,False,0.8652442905027804,13.445446158329926
True,False,1,1,19,True,0,-1.1872466990635402,False,1,2,4,False,True,2,False,-22.902762725265195,-2.9871591771435986
False,False,1,3,31,False,2,-0.7856060478379955,True,2,3,3,False,False,1,False,-12.773620711415845,2.300341228093533
False,False,1,3,29,False,1,-0.971607570797408,True,3,3,4,True,False,3,False,-14.007610281561155,0.822589283106991
False,False,1,8,42,True,0,-0.6014441003803794,False,0,3,3,False,True,4,False,-2.9775308538551304,9.862299821223711
False,True,2,10,36,False,9,-0.2529467414289526,False,10,2,3,True,False,2,False,-1.272651514079768,-4.343261373212151
True,True,4,22,42,True,9,1.3996052510181356,False,21,3,1,False,False,3,False,14.06885849789708,-10.875648336165133
False,False,4,28,46,False,15,2.0720722955637036,False,26,3,1,False,False,3,False,23.124730756894895,-15.472186629926231
False,False,4,21,39,False,9,1.0466111519512065,False,20,2,4,False,False,2,False,11.063862119820671,-11.793231048108812
False,False,1,1,30,False,0,-0.8620506298015344,False,1,3,3,False,True,4,False,-15.357137230679845,3.592936481712582
False,False,2,10,36,True,4,-0.22494431434605208,False,10,2,4,False,True,1,False,-2.0460024153331346,-2.431642987145181
True,True,1,10,41,False,7,-0.8446768611734573,False,7,1,4,False,True,2,False,0.814388742492439,1.4629336453663757
False,True,1,4,22,False,2,-0.8373185591662717,False,4,2,3,False,False,2,False,-17.685943708748404,-4.640898462236745
True,True,1,3,21,True,2,-0.9681328170717927,True,3,2,2,True,False,1,False,-19.33087160182037,-4.341448249786053
False,False,1,10,41,False,6,-0.7224472889429863,False,10,4,3,True,False,2,False,1.5886470210183528,-0.14168934865252938
False,True,3,24,45,False,7,0.8054223639379023,False,7,1,1,False,False,2,False,12.726119091696694,0.6034843290133043
False,False,2,6,29,False,4,0.3970366025391043,False,6,3,4,False,False,1,False,-10.552765981771154,-3.079143661065907
False,False,1,1,51,False,0,-0.855918711462213,False,1,3,4,False,False,3,False,-0.9803545331445043,16.138416098778205
False,True,2,16,34,False,10,-0.2378213428586268,False,15,2,4,False,False,3,False,2.861257200096951,-10.59507822311378
True,False,1,15,40,True,4,-1.0000187924362633,False,5,3,1,False,True,4,False,2.228944061529392,2.2655109512273888
False,True,3,20,42,False,0,1.283711994404963,False,1,3,1,False,False,1,True,5.26036173780644,6.362290409224572
False,False,3,11,39,False,6,0.27112787930504045,False,7,4,3,False,False,4,False,0.14512445824341988,0.3358442829423702
False,False,1,7,40,False,2,-0.9245961968626115,False,4,3,2,False,True,2,False,-3.469253350809657,5.47019723256551
False,False,3,10,45,False,8,0.10842764603504881,False,10,3,2,True,False,1,False,4.827762907867793,1.3799868411760523
False,False,1,20,40,False,3,-1.0034935461618788,False,5,3,3,False,False,3,False,5.278437417762964,1.5089068739872569
True,True,3,11,34,False,2,0.6212604164802862,False,3,3,1,False,False,2,False,-5.0862437856949505,1.5259665692081101
False,False,3,10,32,True,7,0.8683767255549343,False,7,3,4,False,False,3,True,-5.08475717958854,-4.043839851403684
False,False,3,19,50,False,11,1.2996549820871985,False,14,2,1,False,False,4,True,15.74135934453036,-1.488616237838628
False,False,1,13,37,False,8,-0.8416109020037966,True,9,3,4,False,False,1,False,0.7588003406895946,-3.308010539896374
True,True,3,9,29,True,7,0.13132014116851498,False,8,3,4,False,False,3,False,-7.525998795886467,-6.252003593514991
False,False,3,9,31,False,2,0.5572840684733674,False,3,3,1,False,False,1,False,-8.413776830005165,0.1807489384103721
False,False,1,5,38,False,4,-0.6558137763223615,False,5,2,3,False,True,4,False,-5.488056033838201,3.2770229304477345
False,False,2,7,27,True,7,0.6275967320975848,False,7,3,3,False,False,4,False,-10.515741014486112,-6.302921216590311
False,False,1,7,41,False,0,-0.9550513912812406,False,5,3,1,False,True,3,False,-2.793363875809331,6.174754388515001
False,False,5,21,40,True,7,2.59900847818938,False,20,2,3,False,False,3,True,11.607417934730039,-10.515863041334736
False,False,2,8,30,False,3,-0.5713977005177051,False,4,3,1,False,False,3,False,-9.422539604686278,-1.160929308579907
False,False,2,10,30,False,7,-0.698941601975588,False,10,3,3,False,True,3,False,-5.718295913851431,-7.136279337438041
False,False,1,1,34,False,0,-1.0020627652160372,False,1,3,2,False,True,2,False,-12.625535203418998,5.989985596375131
False,False,2,5,40,False,4,-0.46429352685755987,False,5,3,1,False,False,4,False,-4.03145189651308,4.440922819889084
False,False,1,2,29,False,2,-0.9429919518805754,True,2,3,2,False,False,4,False,-14.796708604395517,1.346304728451718
False,False,5,25,46,False,2,2.48761196169171,False,4,3,2,False,False,4,True,12.61852850037952,4.759934142620402
False,True,3,12,41,False,7,0.26131680996212636,False,9,3,3,False,False,3,False,2.9131945394315837,-0.4152796995974218
False,False,2,10,39,False,2,-0.24006971291637794,False,3,1,3,False,False,1,False,-2.4224698811567484,4.783781503403557
False,False,1,8,29,False,5,-0.7398210575710632,False,7,3,2,False,False,4,False,-8.968808088143497,-4.480460182486837
False,False,4,31,52,False,2,1.9713044375208573,False,5,3,4,False,False,4,False,20.743663143045794,6.388570422339884
False,True,1,8,37,False,4,-0.8001182545743892,False,6,3,3,False,False,3,False,-3.9565362229852488,1.343940206048006
False,True,1,8,44,False,2,-0.7594431962568914,False,2,3,4,False,False,3,False,-0.6896380068326626,8.951496982110635
True,False,2,5,45,False,1,-0.5364457659835737,False,1,3,1,False,False,1,False,-2.2877165842972187,11.236234717888463
False,False,2,5,47,True,0,-0.8042062001339367,True,0,3,3,False,False,2,False,-1.405981789041779,13.483931822948861
False,False,1,18,37,False,7,-0.792351158011249,False,18,3,1,False,True,4,False,6.526052022117096,-10.01544169405471
True,True,2,8,41,True,4,-0.1875396124761922,False,6,3,4,False,False,2,False,-1.1130704247050818,3.671877060354395
False,False,2,15,57,False,2,-0.03178888665743139,False,3,3,3,False,False,4,False,13.08679232261805,14.43958490969903
True,False,1,0,18,True,0,-1.0233200821256843,False,0,3,3,False,True,3,False,-24.52154276651644,-2.687293961407141
False,False,2,9,32,False,1,-0.04977584711944051,False,5,3,4,False,False,3,False,-7.38550672610994,-0.12487844565624247
True,True,3,11,33,True,0,0.3379657892036425,False,0,3,1,False,False,1,False,-7.011603319441528,3.6998837348107885
False,False,1,4,32,False,0,-0.9395171981549599,False,3,3,4,False,True,4,False,-11.471189188449335,2.782248781542468
True,True,1,11,39,True,0,-0.6672600238890946,False,1,2,1,False,True,1,False,-2.8136777268834714,6.729744113907193
True,True,3,31,58,False,9,0.633115458602974,False,10,2,1,False,False,3,False,27.291625859665682,4.061807393296866
False,True,2,10,31,True,5,-0.0671496157475175,False,6,3,4,False,False,2,False,-6.517860708413575,-3.1412708124248323
True,False,1,6,39,True,2,-0.6145255261709315,False,5,3,1,False,False,3,False,-4.4690230127602195,4.4263329322429685
False,False,3,9,27,False,7,0.1025001249737049,False,9,3,1,False,False,3,False,-8.58708268025569,-8.097812019518273
True,True,1,6,44,True,4,-0.8123820912530318,False,6,3,3,False,False,3,False,-0.4486807232264365,5.980265137870729
False,False,1,8,45,False,3,-0.9485106783859645,False,5,3,4,False,True,4,False,1.0429233147030694,7.182955200053502
False,False,4,22,40,False,3,1.3474839451339045,False,22,2,2,False,False,3,False,12.085925219219247,-10.456514406577432
False,False,3,14,47,False,8,1.0314857533808806,False,13,3,2,False,False,3,True,9.721577151497247,-0.345477118811522
False,False,1,9,34,True,2,-0.9401303899888921,False,3,3,2,False,False,4,False,-6.60712506897085,2.1053344838140817
False,False,2,20,44,True,11,-0.4843244600993427,False,20,3,4,False,False,4,False,13.90858198483624,-9.203289228538429
False,False,2,17,36,False,7,-0.46429352685755987,False,15,4,1,False,False,1,False,4.396125432821537,-8.44601456810947
False,False,1,3,27,False,2,-0.4679726778611526,False,3,1,3,False,True,1,False,-15.187325057947128,-0.775894553665091
True,True,1,6,24,True,3,-0.7580124153110497,True,5,3,2,True,False,1,False,-14.589679584476828,-4.934781197781229
False,False,3,20,39,True,6,0.823204927121934,False,19,3,3,True,False,3,False,9.566342889593743,-9.699158135483579
True,True,1,2,36,False,0,-0.7199945216072577,False,1,2,3,False,False,4,False,-10.601497965752896,6.941700958633261
False,False,3,16,50,True,2,0.4695976362210729,False,2,3,4,False,False,3,False,8.73116325372558,10.635953699017536
False,False,4,22,41,True,10,1.860929907413074,False,22,3,2,False,False,4,False,13.871800841553133,-12.538510630250618
True,True,2,10,31,False,2,-0.1495217187724002,False,10,3,3,False,False,4,False,-5.767160453487833,-4.6497437586577846
False,False,5,21,39,False,9,2.526651841785389,False,21,2,4,False,False,3,False,11.52847018835069,-12.544257755259173
False,True,1,6,44,True,3,-0.91458073024172,False,4,3,4,False,False,2,False,-1.2146268732925407,7.68998917519988
False,False,2,5,33,True,3,-0.529496258532343,False,5,2,2,False,False,4,False,-8.982863687004217,0.6309541794112415
False,False,2,6,33,False,0,0.039545763356672974,False,5,3,3,False,False,3,False,-8.763404952523207,1.52884320300744
False,False,2,9,37,False,2,-0.2410916993062648,False,6,2,4,False,False,3,False,-3.5186500153979936,1.817872993991899
False,False,1,17,37,False,4,-0.7069130958167056,False,5,3,1,False,True,3,False,1.4771720587234085,0.009283542099701404
True,False,1,5,27,False,3,-0.7909203770654073,True,4,3,1,False,False,3,False,-13.478596649340608,-2.237289653206845
True,False,1,6,29,False,2,-0.8920970296642087,False,2,2,2,True,False,3,False,-12.23618159980809,0.43785664060651847
False,False,3,24,44,False,6,0.6821708053175444,False,22,2,4,False,False,1,False,16.45313667920219,-9.613510404440028
False,False,1,5,23,False,2,-0.8362965727763849,False,3,4,1,False,False,1,False,-16.66542150749473,-3.579873244819505
False,False,1,7,43,False,4,-0.9855065856998696,False,5,4,4,False,False,4,False,-0.8045177631343926,5.831711268387412
True,True,1,10,29,False,7,-0.7300099882281491,False,7,3,3,True,True,2,False,-7.3894351081084935,-5.703509512823865
False,False,1,8,27,False,6,-0.436699894330614,False,7,2,1,False,False,4,False,-10.165588877210965,-6.06820815692928
True,False,3,14,46,False,7,0.08246919173192202,False,8,3,2,False,False,3,False,7.294756984541735,2.806131498373302
False,False,1,8,32,True,4,-0.7915335688993395,False,5,3,3,False,False,3,False,-7.684310362371597,-0.9759202407149934
False,True,3,10,37,True,0,0.14951149890850146,False,10,3,2,False,False,1,False,-1.8795819762900066,-0.34565236480084716
False,False,2,12,30,False,9,-0.7845840614481087,False,12,3,1,False,True,3,False,-3.5333390257815513,-9.666228018263377
False,False,2,8,38,True,7,-0.5891802637017368,False,7,2,4,False,False,4,False,-2.4271457077247023,0.08047974685121032
False,False,2,6,33,False,2,-0.2872854841291519,False,6,3,4,False,False,4,False,-8.17286639357021,0.10666019758560678
False,True,2,10,43,False,7,-0.25172035776108836,False,8,3,3,False,True,4,False,2.59015255450354,1.9558809063355607
False,False,2,10,32,False,4,-0.14114143037532775,False,10,3,2,False,False,2,False,-4.769235714428747,-4.813833524101506
False,False,1,6,31,False,2,-0.7018031638672713,False,5,3,3,False,True,2,False,-9.945182660525196,-0.3668230856280027
False,False,2,9,52,False,2,-0.7688454710438507,False,5,3,3,False,True,4,False,6.397138770532244,11.488146392297597
False,True,4,23,44,False,11,1.3100792432640447,False,12,4,4,False,False,4,False,13.642888192964513,-4.679778987297807
False,False,1,8,29,False,3,-0.8949585915558919,False,4,2,4,False,True,1,False,-10.197894745666812,-1.7329205617550227
True,True,1,8,33,False,4,-0.91458073024172,False,5,3,4,False,True,3,False,-7.010316394057305,-0.3797002736314176
True,True,2,4,31,False,2,-0.48064530909574993,False,2,1,3,False,False,2,False,-12.044606451394317,2.0178051133912875
False,True,3,10,37,False,8,1.0780883327597224,False,10,3,4,False,False,2,True,-0.5786277507300829,-3.4479880540697705
False,False,1,7,38,False,0,-0.7367550984014026,False,0,3,3,False,True,4,False,-6.354965613250938,7.696098537528561
False,False,1,8,33,False,7,-0.8491736012889596,False,8,3,2,False,False,4,False,-5.626870429075915,-3.514963326532586
